Order_Date,Order_ID,Customer_ID,Region,Category,Channel,Quantity,Sales,Profit,Profit_Margin,Year,Month
2025-01-03,ORD-10381,CUST-071,West,Home & Kitchen,Retail,8,1479.22,366.21,24.76,2025,2025-01
2025-01-04,ORD-10575,CUST-002,South,Office Supplies,Online,7,2150.9,644.86,29.98,2025,2025-01
2025-01-04,ORD-10465,CUST-091,South,Home & Kitchen,Retail,8,2570.32,287.06,11.17,2025,2025-01
2025-01-05,ORD-10104,CUST-021,West,Electronics,Online,7,4473.12,1258.91,28.14,2025,2025-01
2025-01-06,ORD-10303,CUST-027,North,Furniture,Retail,3,2317.77,464.11,20.02,2025,2025-01
2025-01-08,ORD-10410,CUST-063,South,Furniture,Online,1,5310.89,1310.93,24.68,2025,2025-01
2025-01-10,ORD-10478,CUST-020,South,Furniture,Online,8,2835.41,327.92,11.57,2025,2025-01
2025-01-10,ORD-10415,CUST-063,South,Home & Kitchen,Wholesale,8,2139.74,578.66,27.04,2025,2025-01
2025-01-11,ORD-10233,CUST-055,South,Electronics,Online,4,4308.2,838.79,19.47,2025,2025-01
2025-01-12,ORD-10300,CUST-074,East,Office Supplies,Online,3,841.85,157.98,18.77,2025,2025-01
2025-01-12,ORD-10540,CUST-065,East,Office Supplies,Online,5,1325.69,207.6,15.66,2025,2025-01
2025-01-13,ORD-10170,CUST-046,East,Furniture,Online,8,1416.48,415.53,29.34,2025,2025-01
2025-01-13,ORD-10272,CUST-025,North,Electronics,Online,6,4750.09,608.44,12.81,2025,2025-01
2025-01-13,ORD-10369,CUST-111,East,Furniture,Online,4,4420.63,778.03,17.6,2025,2025-01
2025-01-14,ORD-10429,CUST-068,West,Electronics,Online,1,4942.04,1195.6,24.19,2025,2025-01
2025-01-14,ORD-10454,CUST-116,North,Electronics,Retail,6,2093.89,524.02,25.03,2025,2025-01
2025-01-17,ORD-10138,CUST-041,South,Office Supplies,Retail,6,1214.22,199.7,16.45,2025,2025-01
2025-01-18,ORD-10385,CUST-071,North,Office Supplies,Online,8,2273.66,311.25,13.69,2025,2025-01
2025-01-19,ORD-10147,CUST-064,South,Furniture,Online,4,2264.63,534.03,23.58,2025,2025-01
2025-01-21,ORD-10328,CUST-037,West,Furniture,Online,5,4973.82,1166.3,23.45,2025,2025-01
2025-01-21,ORD-10117,CUST-063,East,Office Supplies,Retail,1,1240.27,277.83,22.4,2025,2025-01
2025-01-23,ORD-10250,CUST-073,West,Electronics,Online,9,5881.48,1590.31,27.04,2025,2025-01
2025-01-24,ORD-10056,CUST-064,South,Home & Kitchen,Wholesale,7,3136.85,537.23,17.13,2025,2025-01
2025-01-24,ORD-10562,CUST-060,East,Electronics,Online,8,4978.43,525.94,10.56,2025,2025-01
2025-01-25,ORD-10352,CUST-037,South,Furniture,Online,6,1681.39,238.82,14.2,2025,2025-01
2025-01-25,ORD-10397,CUST-064,East,Electronics,Online,9,1891.15,302.36,15.99,2025,2025-01
2025-01-27,ORD-10574,CUST-022,West,Home & Kitchen,Online,3,2884.59,357.62,12.4,2025,2025-01
2025-01-29,ORD-10584,CUST-054,North,Electronics,Online,4,1944.92,374.84,19.27,2025,2025-01
2025-01-30,ORD-10546,CUST-058,South,Office Supplies,Online,4,1831.43,369.34,20.17,2025,2025-01
2025-01-31,ORD-10542,CUST-041,West,Electronics,Online,6,4307.35,984.42,22.85,2025,2025-01
2025-02-01,ORD-10150,CUST-019,West,Electronics,Wholesale,4,3367.41,890.1,26.43,2025,2025-02
2025-02-04,ORD-10036,CUST-083,North,Electronics,Online,5,3788.59,645.08,17.03,2025,2025-02
2025-02-05,ORD-10279,CUST-066,East,Furniture,Online,8,4353.69,1084.31,24.91,2025,2025-02
2025-02-06,ORD-10387,CUST-074,South,Furniture,Retail,8,2146.72,364.09,16.96,2025,2025-02
2025-02-06,ORD-10518,CUST-071,West,Office Supplies,Retail,1,658.07,102.64,15.6,2025,2025-02
2025-02-07,ORD-10045,CUST-093,East,Furniture,Online,7,2817.64,565.22,20.06,2025,2025-02
2025-02-11,ORD-10069,CUST-111,South,Furniture,Online,9,4893.64,621.54,12.7,2025,2025-02
2025-02-13,ORD-10217,CUST-006,West,Office Supplies,Online,1,1157.3,256.79,22.19,2025,2025-02
2025-02-13,ORD-10127,CUST-087,South,Furniture,Online,4,3269.72,383.45,11.73,2025,2025-02
2025-02-14,ORD-10439,CUST-053,South,Electronics,Online,9,5385.61,1395.73,25.92,2025,2025-02
2025-02-15,ORD-10280,CUST-076,East,Furniture,Online,5,5040.43,578.35,11.47,2025,2025-02
2025-02-16,ORD-10246,CUST-001,West,Office Supplies,Online,4,1533.48,297.79,19.42,2025,2025-02
2025-02-16,ORD-10007,CUST-039,West,Office Supplies,Online,5,2557.77,287.43,11.24,2025,2025-02
2025-02-16,ORD-10431,CUST-059,East,Furniture,Online,2,3103.76,891.57,28.73,2025,2025-02
2025-02-17,ORD-10196,CUST-036,South,Electronics,Retail,2,1915.73,504.36,26.33,2025,2025-02
2025-02-18,ORD-10001,CUST-074,South,Office Supplies,Retail,6,2117.7,610.96,28.85,2025,2025-02
2025-02-19,ORD-10133,CUST-111,North,Office Supplies,Retail,9,1629.65,483.88,29.69,2025,2025-02
2025-02-19,ORD-10359,CUST-117,South,Office Supplies,Online,2,1095.63,302.28,27.59,2025,2025-02
2025-02-19,ORD-10172,CUST-119,East,Home & Kitchen,Wholesale,4,2158.28,408.83,18.94,2025,2025-02
2025-02-20,ORD-10033,CUST-053,North,Electronics,Online,4,4267.41,449.1,10.52,2025,2025-02
2025-02-20,ORD-10581,CUST-073,West,Electronics,Retail,2,4819.79,1173.6,24.35,2025,2025-02
2025-02-21,ORD-10376,CUST-028,East,Electronics,Retail,2,6040.31,1665.09,27.57,2025,2025-02
2025-02-21,ORD-10243,CUST-110,East,Electronics,Retail,4,5576.97,1545.81,27.72,2025,2025-02
2025-02-21,ORD-10010,CUST-103,South,Furniture,Online,8,4036.91,461.47,11.43,2025,2025-02
2025-02-22,ORD-10218,CUST-013,East,Office Supplies,Online,5,2475.49,332.79,13.44,2025,2025-02
2025-02-23,ORD-10087,CUST-049,South,Furniture,Online,7,4227.19,886.85,20.98,2025,2025-02
2025-02-24,ORD-10588,CUST-072,West,Office Supplies,Online,9,1539.48,415.47,26.99,2025,2025-02
2025-02-25,ORD-10580,CUST-003,North,Furniture,Retail,5,1714.71,315.02,18.37,2025,2025-02
2025-02-26,ORD-10258,CUST-007,West,Furniture,Online,8,1311.02,373.86,28.52,2025,2025-02
2025-02-27,ORD-10516,CUST-059,North,Office Supplies,Online,6,2245.47,399.81,17.81,2025,2025-02
2025-02-27,ORD-10171,CUST-079,South,Electronics,Online,8,4602.15,864.48,18.78,2025,2025-02
2025-02-27,ORD-10460,CUST-038,West,Electronics,Online,3,3043.0,404.77,13.3,2025,2025-02
2025-02-28,ORD-10322,CUST-069,West,Office Supplies,Online,6,2233.44,347.3,15.55,2025,2025-02
2025-02-28,ORD-10583,CUST-083,North,Electronics,Online,4,2859.2,693.58,24.26,2025,2025-02
2025-03-01,ORD-10310,CUST-012,South,Office Supplies,Online,3,2251.81,326.86,14.52,2025,2025-03
2025-03-01,ORD-10480,CUST-101,South,Office Supplies,Retail,2,1725.63,504.52,29.24,2025,2025-03
2025-03-04,ORD-10501,CUST-058,North,Home & Kitchen,Wholesale,1,3033.14,312.77,10.31,2025,2025-03
2025-03-04,ORD-10120,CUST-072,West,Home & Kitchen,Wholesale,5,3499.14,944.97,27.01,2025,2025-03
2025-03-05,ORD-10538,CUST-044,South,Electronics,Online,6,2905.72,313.78,10.8,2025,2025-03
2025-03-05,ORD-10365,CUST-114,West,Office Supplies,Wholesale,4,1437.67,212.91,14.81,2025,2025-03
2025-03-06,ORD-10313,CUST-046,West,Office Supplies,Online,9,2276.08,507.58,22.3,2025,2025-03
2025-03-06,ORD-10497,CUST-101,North,Electronics,Retail,1,4267.25,980.54,22.98,2025,2025-03
2025-03-06,ORD-10198,CUST-056,North,Home & Kitchen,Online,8,1427.56,359.26,25.17,2025,2025-03
2025-03-08,ORD-10418,CUST-060,West,Office Supplies,Wholesale,6,2084.39,542.69,26.04,2025,2025-03
2025-03-09,ORD-10436,CUST-090,East,Furniture,Wholesale,8,4547.61,1341.51,29.5,2025,2025-03
2025-03-09,ORD-10386,CUST-079,West,Home & Kitchen,Online,6,1750.87,208.2,11.89,2025,2025-03
2025-03-10,ORD-10157,CUST-089,South,Office Supplies,Retail,2,2057.48,591.55,28.75,2025,2025-03
2025-03-11,ORD-10018,CUST-032,South,Office Supplies,Online,3,2770.28,333.42,12.04,2025,2025-03
2025-03-11,ORD-10221,CUST-003,North,Office Supplies,Retail,8,2788.68,569.37,20.42,2025,2025-03
2025-03-12,ORD-10074,CUST-012,West,Office Supplies,Wholesale,6,735.57,97.56,13.26,2025,2025-03
2025-03-13,ORD-10414,CUST-038,West,Furniture,Online,6,4095.86,1027.54,25.09,2025,2025-03
2025-03-13,ORD-10434,CUST-038,West,Office Supplies,Wholesale,2,722.79,156.0,21.58,2025,2025-03
2025-03-14,ORD-10443,CUST-050,East,Furniture,Online,9,5562.79,1509.18,27.13,2025,2025-03
2025-03-18,ORD-10306,CUST-086,East,Furniture,Retail,6,4605.49,464.24,10.08,2025,2025-03
2025-03-18,ORD-10241,CUST-035,North,Electronics,Online,4,6442.59,1789.49,27.78,2025,2025-03
2025-03-18,ORD-10100,CUST-012,South,Furniture,Online,6,4588.11,1053.4,22.96,2025,2025-03
2025-03-18,ORD-10118,CUST-060,North,Electronics,Retail,3,4477.5,1152.32,25.74,2025,2025-03
2025-03-18,ORD-10462,CUST-083,East,Office Supplies,Wholesale,1,2713.03,448.69,16.54,2025,2025-03
2025-03-19,ORD-10329,CUST-051,East,Electronics,Online,7,4506.18,1029.87,22.85,2025,2025-03
2025-03-20,ORD-10528,CUST-077,East,Home & Kitchen,Online,3,1401.13,231.98,16.56,2025,2025-03
2025-03-20,ORD-10256,CUST-102,South,Electronics,Online,9,3165.36,822.43,25.98,2025,2025-03
2025-03-20,ORD-10408,CUST-061,South,Electronics,Online,7,4727.99,1106.44,23.4,2025,2025-03
2025-03-21,ORD-10522,CUST-011,North,Electronics,Online,8,5561.83,1254.47,22.55,2025,2025-03
2025-03-22,ORD-10457,CUST-054,West,Electronics,Wholesale,1,1823.98,277.85,15.23,2025,2025-03
2025-03-24,ORD-10273,CUST-014,West,Electronics,Online,2,2116.04,341.55,16.14,2025,2025-03
2025-03-24,ORD-10357,CUST-049,West,Home & Kitchen,Online,9,2617.96,344.8,13.17,2025,2025-03
2025-03-25,ORD-10182,CUST-077,West,Electronics,Online,9,1941.57,468.01,24.1,2025,2025-03
2025-03-25,ORD-10390,CUST-095,West,Electronics,Wholesale,3,6102.2,1075.71,17.63,2025,2025-03
2025-03-25,ORD-10536,CUST-007,South,Office Supplies,Retail,1,916.3,172.24,18.8,2025,2025-03
2025-03-26,ORD-10058,CUST-076,South,Home & Kitchen,Online,6,2851.47,559.24,19.61,2025,2025-03
2025-03-27,ORD-10533,CUST-096,North,Office Supplies,Retail,4,1749.54,319.73,18.28,2025,2025-03
2025-03-29,ORD-10287,CUST-007,South,Home & Kitchen,Online,8,1014.84,180.73,17.81,2025,2025-03
2025-03-29,ORD-10083,CUST-116,North,Furniture,Online,5,4015.25,1142.25,28.45,2025,2025-03
2025-03-30,ORD-10178,CUST-015,North,Home & Kitchen,Wholesale,1,1995.76,562.43,28.18,2025,2025-03
2025-03-31,ORD-10350,CUST-034,South,Electronics,Online,5,2723.32,740.3,27.18,2025,2025-03
2025-04-01,ORD-10467,CUST-112,South,Home & Kitchen,Retail,5,1117.03,226.21,20.25,2025,2025-04
2025-04-01,ORD-10041,CUST-081,West,Home & Kitchen,Online,7,1108.15,186.2,16.8,2025,2025-04
2025-04-01,ORD-10187,CUST-004,West,Office Supplies,Online,9,682.34,160.54,23.53,2025,2025-04
2025-04-01,ORD-10532,CUST-081,East,Electronics,Online,8,2035.1,456.24,22.42,2025,2025-04
2025-04-02,ORD-10168,CUST-058,North,Electronics,Retail,4,4276.95,685.39,16.03,2025,2025-04
2025-04-04,ORD-10262,CUST-112,West,Office Supplies,Online,6,2724.75,547.09,20.08,2025,2025-04
2025-04-06,ORD-10411,CUST-033,East,Electronics,Wholesale,1,2991.04,818.11,27.35,2025,2025-04
2025-04-06,ORD-10544,CUST-102,West,Home & Kitchen,Online,5,1703.78,377.6,22.16,2025,2025-04
2025-04-06,ORD-10259,CUST-081,South,Home & Kitchen,Online,3,1554.09,348.95,22.45,2025,2025-04
2025-04-07,ORD-10230,CUST-004,South,Furniture,Retail,3,4272.26,841.11,19.69,2025,2025-04
2025-04-08,ORD-10251,CUST-118,North,Home & Kitchen,Wholesale,4,1282.3,349.73,27.27,2025,2025-04
2025-04-08,ORD-10392,CUST-066,West,Electronics,Retail,9,6086.93,1339.46,22.01,2025,2025-04
2025-04-09,ORD-10349,CUST-114,West,Furniture,Retail,4,5228.63,781.23,14.94,2025,2025-04
2025-04-10,ORD-10564,CUST-064,North,Electronics,Wholesale,8,3874.5,653.79,16.87,2025,2025-04
2025-04-10,ORD-10023,CUST-020,West,Home & Kitchen,Online,9,1863.21,450.03,24.15,2025,2025-04
2025-04-10,ORD-10469,CUST-041,North,Electronics,Retail,7,1856.26,431.41,23.24,2025,2025-04
2025-04-13,ORD-10253,CUST-116,West,Home & Kitchen,Online,9,1266.09,213.73,16.88,2025,2025-04
2025-04-14,ORD-10072,CUST-074,East,Furniture,Online,9,4713.89,505.62,10.73,2025,2025-04
2025-04-15,ORD-10523,CUST-033,West,Office Supplies,Online,7,2271.44,471.71,20.77,2025,2025-04
2025-04-17,ORD-10052,CUST-079,West,Electronics,Wholesale,7,5119.02,630.76,12.32,2025,2025-04
2025-04-17,ORD-10543,CUST-112,West,Electronics,Retail,6,6102.57,1406.8,23.05,2025,2025-04
2025-04-18,ORD-10398,CUST-044,North,Electronics,Online,9,3436.99,376.27,10.95,2025,2025-04
2025-04-20,ORD-10426,CUST-007,South,Office Supplies,Online,5,1046.9,272.06,25.99,2025,2025-04
2025-04-20,ORD-10102,CUST-074,South,Office Supplies,Online,6,1693.72,452.03,26.69,2025,2025-04
2025-04-21,ORD-10339,CUST-056,West,Home & Kitchen,Retail,1,1370.81,357.66,26.09,2025,2025-04
2025-04-21,ORD-10224,CUST-079,East,Furniture,Online,4,4172.3,735.11,17.62,2025,2025-04
2025-04-21,ORD-10009,CUST-117,West,Electronics,Online,4,2328.77,512.15,21.99,2025,2025-04
2025-04-28,ORD-10142,CUST-092,North,Home & Kitchen,Online,5,2087.03,287.12,13.76,2025,2025-04
2025-05-02,ORD-10363,CUST-101,North,Home & Kitchen,Online,3,1544.09,429.26,27.8,2025,2025-05
2025-05-04,ORD-10078,CUST-011,South,Electronics,Online,4,4060.8,1149.53,28.31,2025,2025-05
2025-05-05,ORD-10567,CUST-003,West,Home & Kitchen,Online,1,1383.68,294.39,21.28,2025,2025-05
2025-05-05,ORD-10032,CUST-040,West,Office Supplies,Wholesale,1,1275.32,197.67,15.5,2025,2025-05
2025-05-06,ORD-10412,CUST-096,East,Office Supplies,Online,2,1181.2,297.28,25.17,2025,2025-05
2025-05-06,ORD-10326,CUST-114,South,Electronics,Online,7,2182.1,462.89,21.21,2025,2025-05
2025-05-08,ORD-10486,CUST-101,West,Electronics,Online,6,1875.95,535.72,28.56,2025,2025-05
2025-05-08,ORD-10148,CUST-038,South,Furniture,Wholesale,5,1537.38,386.36,25.13,2025,2025-05
2025-05-10,ORD-10566,CUST-013,West,Electronics,Retail,2,2619.52,431.76,16.48,2025,2025-05
2025-05-10,ORD-10510,CUST-006,North,Electronics,Wholesale,5,1950.58,506.44,25.96,2025,2025-05
2025-05-10,ORD-10327,CUST-065,North,Furniture,Online,3,2413.15,668.52,27.7,2025,2025-05
2025-05-11,ORD-10593,CUST-021,West,Electronics,Online,8,4388.29,891.58,20.32,2025,2025-05
2025-05-11,ORD-10189,CUST-066,West,Home & Kitchen,Wholesale,9,1151.93,163.26,14.17,2025,2025-05
2025-05-11,ORD-10097,CUST-087,West,Electronics,Retail,8,4628.9,532.12,11.5,2025,2025-05
2025-05-12,ORD-10384,CUST-078,South,Electronics,Online,9,5405.83,1067.16,19.74,2025,2025-05
2025-05-14,ORD-10315,CUST-072,West,Home & Kitchen,Online,3,1642.39,362.17,22.05,2025,2025-05
2025-05-15,ORD-10119,CUST-029,East,Office Supplies,Retail,8,1568.75,174.85,11.15,2025,2025-05
2025-05-16,ORD-10508,CUST-109,South,Furniture,Online,7,1530.31,345.72,22.59,2025,2025-05
2025-05-17,ORD-10483,CUST-115,West,Office Supplies,Online,8,1691.67,484.83,28.66,2025,2025-05
2025-05-17,ORD-10568,CUST-048,East,Electronics,Online,6,5317.59,805.5,15.15,2025,2025-05
2025-05-20,ORD-10346,CUST-015,South,Furniture,Wholesale,7,5473.75,1374.87,25.12,2025,2025-05
2025-05-23,ORD-10211,CUST-006,North,Home & Kitchen,Online,8,2868.66,837.12,29.18,2025,2025-05
2025-05-24,ORD-10209,CUST-047,South,Home & Kitchen,Online,7,3497.85,826.45,23.63,2025,2025-05
2025-05-24,ORD-10380,CUST-068,North,Home & Kitchen,Wholesale,4,1609.82,178.15,11.07,2025,2025-05
2025-05-26,ORD-10292,CUST-086,West,Home & Kitchen,Wholesale,4,3207.02,531.13,16.56,2025,2025-05
2025-05-26,ORD-10206,CUST-094,North,Electronics,Wholesale,9,4739.83,1011.58,21.34,2025,2025-05
2025-05-27,ORD-10509,CUST-113,West,Home & Kitchen,Retail,1,1155.32,331.73,28.71,2025,2025-05
2025-05-29,ORD-10216,CUST-101,West,Office Supplies,Online,9,964.77,242.23,25.11,2025,2025-05
2025-05-30,ORD-10505,CUST-037,North,Furniture,Online,3,5269.99,548.23,10.4,2025,2025-05
2025-05-31,ORD-10143,CUST-077,West,Furniture,Online,8,3153.19,340.82,10.81,2025,2025-05
2025-05-31,ORD-10281,CUST-011,South,Furniture,Online,3,3910.78,990.01,25.31,2025,2025-05
2025-06-01,ORD-10111,CUST-082,West,Furniture,Online,9,1454.25,337.05,23.18,2025,2025-06
2025-06-01,ORD-10039,CUST-096,West,Electronics,Retail,8,5031.75,797.37,15.85,2025,2025-06
2025-06-02,ORD-10413,CUST-030,South,Office Supplies,Wholesale,5,2166.11,646.47,29.84,2025,2025-06
2025-06-03,ORD-10314,CUST-118,West,Office Supplies,Retail,1,2138.09,594.5,27.81,2025,2025-06
2025-06-03,ORD-10152,CUST-018,South,Home & Kitchen,Online,1,2082.2,441.11,21.18,2025,2025-06
2025-06-03,ORD-10399,CUST-116,West,Home & Kitchen,Online,6,1582.14,166.05,10.5,2025,2025-06
2025-06-04,ORD-10573,CUST-047,South,Office Supplies,Online,4,2015.99,246.56,12.23,2025,2025-06
2025-06-05,ORD-10299,CUST-009,North,Furniture,Online,9,5490.33,1593.6,29.03,2025,2025-06
2025-06-05,ORD-10534,CUST-092,West,Electronics,Online,9,1973.66,382.96,19.4,2025,2025-06
2025-06-06,ORD-10450,CUST-015,South,Home & Kitchen,Online,6,1369.32,191.78,14.01,2025,2025-06
2025-06-07,ORD-10481,CUST-111,South,Office Supplies,Online,7,2653.95,310.5,11.7,2025,2025-06
2025-06-07,ORD-10096,CUST-031,East,Furniture,Online,4,3764.15,1074.24,28.54,2025,2025-06
2025-06-08,ORD-10342,CUST-049,West,Electronics,Online,1,6128.37,649.86,10.6,2025,2025-06
2025-06-08,ORD-10495,CUST-040,East,Office Supplies,Online,9,2029.42,431.18,21.25,2025,2025-06
2025-06-10,ORD-10154,CUST-113,South,Furniture,Wholesale,2,2646.02,283.17,10.7,2025,2025-06
2025-06-10,ORD-10271,CUST-055,West,Home & Kitchen,Wholesale,9,2191.1,553.01,25.24,2025,2025-06
2025-06-11,ORD-10419,CUST-005,North,Home & Kitchen,Wholesale,1,1619.36,464.65,28.69,2025,2025-06
2025-06-13,ORD-10263,CUST-015,West,Electronics,Online,6,1977.84,555.58,28.09,2025,2025-06
2025-06-13,ORD-10353,CUST-074,South,Furniture,Retail,3,4061.3,657.32,16.18,2025,2025-06
2025-06-14,ORD-10190,CUST-002,East,Electronics,Online,8,2109.37,421.19,19.97,2025,2025-06
2025-06-14,ORD-10307,CUST-050,South,Office Supplies,Retail,7,1904.37,244.98,12.86,2025,2025-06
2025-06-14,ORD-10442,CUST-103,East,Electronics,Online,8,2342.04,322.71,13.78,2025,2025-06
2025-06-15,ORD-10136,CUST-081,East,Home & Kitchen,Online,6,2692.32,571.82,21.24,2025,2025-06
2025-06-17,ORD-10226,CUST-011,North,Furniture,Online,2,3807.89,710.04,18.65,2025,2025-06
2025-06-18,ORD-10239,CUST-002,South,Home & Kitchen,Retail,9,1544.53,202.16,13.09,2025,2025-06
2025-06-19,ORD-10400,CUST-062,South,Electronics,Retail,9,2326.5,432.74,18.6,2025,2025-06
2025-06-19,ORD-10333,CUST-031,South,Office Supplies,Wholesale,5,1178.4,258.98,21.98,2025,2025-06
2025-06-19,ORD-10526,CUST-102,East,Electronics,Wholesale,4,5541.48,1158.15,20.9,2025,2025-06
2025-06-20,ORD-10088,CUST-072,West,Furniture,Online,5,3589.21,1036.94,28.89,2025,2025-06
2025-06-21,ORD-10447,CUST-029,North,Electronics,Online,6,5174.81,776.4,15.0,2025,2025-06
2025-06-22,ORD-10309,CUST-045,South,Electronics,Online,3,1870.71,261.51,13.98,2025,2025-06
2025-06-22,ORD-10368,CUST-039,North,Electronics,Online,2,2386.99,300.09,12.57,2025,2025-06
2025-06-23,ORD-10338,CUST-018,North,Office Supplies,Retail,6,640.77,91.84,14.33,2025,2025-06
2025-06-23,ORD-10554,CUST-110,North,Home & Kitchen,Online,5,2248.25,400.62,17.82,2025,2025-06
2025-06-24,ORD-10525,CUST-101,South,Furniture,Online,9,1860.5,455.05,24.46,2025,2025-06
2025-06-24,ORD-10403,CUST-067,North,Office Supplies,Wholesale,8,2702.26,580.48,21.48,2025,2025-06
2025-06-25,ORD-10595,CUST-064,West,Home & Kitchen,Retail,5,2242.51,638.94,28.49,2025,2025-06
2025-06-25,ORD-10321,CUST-105,North,Electronics,Online,8,3451.98,774.49,22.44,2025,2025-06
2025-06-25,ORD-10167,CUST-074,North,Electronics,Retail,3,3538.63,792.45,22.39,2025,2025-06
2025-06-27,ORD-10066,CUST-084,West,Home & Kitchen,Wholesale,6,3561.04,591.36,16.61,2025,2025-06
2025-06-30,ORD-10254,CUST-029,West,Home & Kitchen,Retail,9,3470.54,707.45,20.38,2025,2025-06
2025-06-30,ORD-10077,CUST-070,West,Electronics,Online,4,4738.93,483.49,10.2,2025,2025-06
2025-07-01,ORD-10294,CUST-118,North,Office Supplies,Online,9,1815.74,213.1,11.74,2025,2025-07
2025-07-02,ORD-10169,CUST-017,North,Electronics,Online,1,6160.78,998.49,16.21,2025,2025-07
2025-07-02,ORD-10487,CUST-097,West,Furniture,Wholesale,3,4400.69,1285.2,29.2,2025,2025-07
2025-07-03,ORD-10371,CUST-036,South,Furniture,Online,6,1330.23,228.78,17.2,2025,2025-07
2025-07-05,ORD-10199,CUST-038,West,Office Supplies,Retail,7,1975.83,352.5,17.84,2025,2025-07
2025-07-07,ORD-10197,CUST-117,North,Office Supplies,Online,7,2734.92,665.71,24.34,2025,2025-07
2025-07-09,ORD-10268,CUST-101,West,Electronics,Wholesale,1,2898.67,569.83,19.66,2025,2025-07
2025-07-09,ORD-10139,CUST-089,South,Home & Kitchen,Online,3,1910.53,193.76,10.14,2025,2025-07
2025-07-13,ORD-10044,CUST-058,South,Electronics,Wholesale,2,5324.65,642.7,12.07,2025,2025-07
2025-07-15,ORD-10521,CUST-002,East,Electronics,Online,3,2852.2,723.61,25.37,2025,2025-07
2025-07-17,ORD-10194,CUST-100,North,Electronics,Online,5,4545.86,1009.2,22.2,2025,2025-07
2025-07-18,ORD-10301,CUST-001,South,Office Supplies,Retail,5,2421.12,381.0,15.74,2025,2025-07
2025-07-18,ORD-10053,CUST-025,East,Electronics,Online,1,5690.41,613.11,10.77,2025,2025-07
2025-07-19,ORD-10201,CUST-002,West,Furniture,Retail,2,2918.67,533.55,18.28,2025,2025-07
2025-07-20,ORD-10063,CUST-005,North,Furniture,Wholesale,9,1694.26,367.7,21.7,2025,2025-07
2025-07-20,ORD-10393,CUST-024,West,Home & Kitchen,Retail,5,3288.76,389.56,11.85,2025,2025-07
2025-07-22,ORD-10332,CUST-084,South,Electronics,Retail,4,1794.87,525.95,29.3,2025,2025-07
2025-07-22,ORD-10068,CUST-104,West,Home & Kitchen,Online,3,2784.99,639.11,22.95,2025,2025-07
2025-07-22,ORD-10022,CUST-058,South,Electronics,Online,7,5539.53,1034.82,18.68,2025,2025-07
2025-07-23,ORD-10576,CUST-041,West,Office Supplies,Online,7,2400.79,438.05,18.25,2025,2025-07
2025-07-24,ORD-10374,CUST-057,West,Home & Kitchen,Online,4,2923.85,494.63,16.92,2025,2025-07
2025-07-24,ORD-10498,CUST-091,West,Office Supplies,Online,6,833.25,213.04,25.57,2025,2025-07
2025-07-27,ORD-10379,CUST-043,East,Home & Kitchen,Online,1,2593.37,403.61,15.56,2025,2025-07
2025-07-28,ORD-10188,CUST-083,South,Furniture,Retail,9,5326.71,1327.56,24.92,2025,2025-07
2025-07-31,ORD-10094,CUST-114,South,Furniture,Online,1,5530.09,584.36,10.57,2025,2025-07
2025-08-03,ORD-10552,CUST-061,West,Electronics,Wholesale,5,4257.19,662.16,15.55,2025,2025-08
2025-08-06,ORD-10440,CUST-100,North,Office Supplies,Online,9,1443.32,271.7,18.82,2025,2025-08
2025-08-08,ORD-10027,CUST-041,West,Furniture,Online,2,4649.94,843.04,18.13,2025,2025-08
2025-08-09,ORD-10585,CUST-051,North,Electronics,Online,1,2431.26,716.95,29.49,2025,2025-08
2025-08-10,ORD-10164,CUST-113,North,Electronics,Online,3,1995.42,314.56,15.76,2025,2025-08
2025-08-12,ORD-10144,CUST-033,North,Office Supplies,Online,8,1159.97,200.53,17.29,2025,2025-08
2025-08-12,ORD-10373,CUST-058,North,Office Supplies,Online,8,2392.05,380.94,15.93,2025,2025-08
2025-08-12,ORD-10163,CUST-114,North,Office Supplies,Retail,9,1316.28,133.4,10.13,2025,2025-08
2025-08-13,ORD-10065,CUST-072,South,Office Supplies,Retail,8,786.5,128.15,16.29,2025,2025-08
2025-08-14,ORD-10496,CUST-010,South,Office Supplies,Online,8,1468.2,338.59,23.06,2025,2025-08
2025-08-16,ORD-10572,CUST-076,West,Office Supplies,Online,7,1914.69,269.47,14.07,2025,2025-08
2025-08-16,ORD-10425,CUST-099,East,Furniture,Wholesale,5,2082.61,549.7,26.39,2025,2025-08
2025-08-16,ORD-10248,CUST-007,East,Office Supplies,Online,6,2354.44,705.22,29.95,2025,2025-08
2025-08-17,ORD-10275,CUST-084,West,Furniture,Online,2,3444.73,566.53,16.45,2025,2025-08
2025-08-17,ORD-10464,CUST-085,East,Electronics,Online,5,5073.22,759.65,14.97,2025,2025-08
2025-08-17,ORD-10165,CUST-044,West,Furniture,Retail,9,3052.16,763.85,25.03,2025,2025-08
2025-08-21,ORD-10500,CUST-053,North,Office Supplies,Retail,8,2642.68,408.82,15.47,2025,2025-08
2025-08-23,ORD-10547,CUST-064,West,Office Supplies,Wholesale,5,1376.36,339.22,24.65,2025,2025-08
2025-08-24,ORD-10473,CUST-091,South,Office Supplies,Retail,3,2165.24,511.29,23.61,2025,2025-08
2025-08-24,ORD-10238,CUST-024,West,Furniture,Online,5,1631.03,356.27,21.84,2025,2025-08
2025-08-25,ORD-10407,CUST-103,West,Home & Kitchen,Retail,7,1794.65,298.37,16.63,2025,2025-08
2025-08-25,ORD-10005,CUST-100,West,Electronics,Retail,7,5046.17,1229.94,24.37,2025,2025-08
2025-08-25,ORD-10435,CUST-008,South,Home & Kitchen,Retail,4,2917.54,389.37,13.35,2025,2025-08
2025-08-26,ORD-10091,CUST-120,South,Furniture,Online,8,4870.93,621.81,12.77,2025,2025-08
2025-08-26,ORD-10354,CUST-052,North,Furniture,Retail,7,4641.86,652.78,14.06,2025,2025-08
2025-08-26,ORD-10155,CUST-067,East,Home & Kitchen,Wholesale,4,3023.14,901.42,29.82,2025,2025-08
2025-08-27,ORD-10082,CUST-017,North,Furniture,Retail,9,1706.35,466.27,27.33,2025,2025-08
2025-08-27,ORD-10140,CUST-108,South,Furniture,Online,4,1457.26,319.5,21.92,2025,2025-08
2025-08-28,ORD-10004,CUST-017,West,Office Supplies,Retail,8,2384.56,715.09,29.99,2025,2025-08
2025-08-28,ORD-10298,CUST-007,North,Office Supplies,Online,3,1083.79,299.74,27.66,2025,2025-08
2025-08-29,ORD-10121,CUST-017,East,Furniture,Online,9,2503.33,681.29,27.22,2025,2025-08
2025-08-29,ORD-10285,CUST-098,North,Office Supplies,Retail,5,773.32,218.87,28.3,2025,2025-08
2025-08-31,ORD-10030,CUST-044,West,Electronics,Online,5,5970.24,863.34,14.46,2025,2025-08
2025-09-01,ORD-10047,CUST-056,North,Office Supplies,Online,8,1075.55,278.68,25.91,2025,2025-09
2025-09-01,ORD-10186,CUST-071,South,Electronics,Wholesale,1,2587.99,646.86,24.99,2025,2025-09
2025-09-02,ORD-10267,CUST-099,West,Furniture,Online,5,2644.37,719.66,27.21,2025,2025-09
2025-09-02,ORD-10219,CUST-080,East,Home & Kitchen,Retail,8,939.28,196.0,20.87,2025,2025-09
2025-09-03,ORD-10020,CUST-017,North,Electronics,Retail,9,4274.69,693.55,16.22,2025,2025-09
2025-09-03,ORD-10214,CUST-035,East,Home & Kitchen,Online,9,2779.72,817.94,29.43,2025,2025-09
2025-09-03,ORD-10031,CUST-089,West,Electronics,Online,4,1483.64,428.52,28.88,2025,2025-09
2025-09-05,ORD-10506,CUST-022,West,Home & Kitchen,Online,8,2040.11,268.25,13.15,2025,2025-09
2025-09-06,ORD-10222,CUST-080,East,Furniture,Online,5,1292.33,353.64,27.36,2025,2025-09
2025-09-06,ORD-10537,CUST-087,South,Home & Kitchen,Wholesale,7,3587.83,850.74,23.71,2025,2025-09
2025-09-07,ORD-10205,CUST-089,North,Electronics,Online,7,3380.79,823.68,24.36,2025,2025-09
2025-09-08,ORD-10114,CUST-092,West,Electronics,Online,6,1671.33,185.31,11.09,2025,2025-09
2025-09-09,ORD-10335,CUST-054,West,Electronics,Online,7,6436.24,1401.84,21.78,2025,2025-09
2025-09-10,ORD-10485,CUST-025,West,Electronics,Online,9,1760.77,360.89,20.5,2025,2025-09
2025-09-10,ORD-10176,CUST-115,West,Electronics,Online,8,2562.64,477.85,18.65,2025,2025-09
2025-09-10,ORD-10073,CUST-077,West,Furniture,Wholesale,1,5093.67,1380.55,27.1,2025,2025-09
2025-09-10,ORD-10231,CUST-030,East,Home & Kitchen,Online,3,2551.57,280.02,10.97,2025,2025-09
2025-09-12,ORD-10054,CUST-097,South,Office Supplies,Retail,1,804.5,133.38,16.58,2025,2025-09
2025-09-13,ORD-10277,CUST-065,South,Furniture,Wholesale,3,4084.87,1078.49,26.4,2025,2025-09
2025-09-13,ORD-10474,CUST-064,West,Electronics,Retail,5,6432.31,1695.32,26.36,2025,2025-09
2025-09-14,ORD-10070,CUST-016,South,Furniture,Retail,7,5541.12,1042.89,18.82,2025,2025-09
2025-09-14,ORD-10367,CUST-073,West,Electronics,Wholesale,7,3534.89,502.82,14.22,2025,2025-09
2025-09-15,ORD-10124,CUST-015,West,Office Supplies,Online,7,2694.66,486.45,18.05,2025,2025-09
2025-09-15,ORD-10109,CUST-058,South,Electronics,Retail,8,2396.39,482.14,20.12,2025,2025-09
2025-09-16,ORD-10290,CUST-033,East,Furniture,Online,5,3896.96,617.74,15.85,2025,2025-09
2025-09-17,ORD-10076,CUST-088,South,Furniture,Retail,6,2792.41,516.23,18.49,2025,2025-09
2025-09-17,ORD-10519,CUST-087,South,Office Supplies,Online,7,1236.07,293.15,23.72,2025,2025-09
2025-09-21,ORD-10276,CUST-061,West,Furniture,Online,4,4800.36,851.6,17.74,2025,2025-09
2025-09-23,ORD-10282,CUST-103,East,Electronics,Online,5,2872.21,742.19,25.84,2025,2025-09
2025-09-24,ORD-10444,CUST-045,East,Electronics,Online,9,1790.86,362.02,20.21,2025,2025-09
2025-09-25,ORD-10284,CUST-019,South,Electronics,Online,4,4525.5,1106.46,24.45,2025,2025-09
2025-09-27,ORD-10252,CUST-097,North,Office Supplies,Online,2,2307.65,486.08,21.06,2025,2025-09
2025-09-27,ORD-10563,CUST-102,West,Electronics,Online,6,1831.76,430.8,23.52,2025,2025-09
2025-09-27,ORD-10235,CUST-103,West,Electronics,Online,1,4830.84,1164.35,24.1,2025,2025-09
2025-09-28,ORD-10185,CUST-058,West,Home & Kitchen,Retail,2,2419.39,580.64,24.0,2025,2025-09
2025-09-28,ORD-10203,CUST-062,West,Home & Kitchen,Wholesale,6,1269.78,127.14,10.01,2025,2025-09
2025-09-29,ORD-10055,CUST-067,West,Electronics,Retail,1,5915.67,1177.8,19.91,2025,2025-09
2025-09-29,ORD-10183,CUST-015,South,Office Supplies,Wholesale,2,1817.29,486.42,26.77,2025,2025-09
2025-09-30,ORD-10405,CUST-016,East,Electronics,Online,5,4700.37,527.22,11.22,2025,2025-09
2025-09-30,ORD-10453,CUST-061,South,Electronics,Online,7,3253.45,618.64,19.01,2025,2025-09
2025-10-01,ORD-10021,CUST-053,West,Electronics,Wholesale,5,4051.94,415.3,10.25,2025,2025-10
2025-10-01,ORD-10406,CUST-111,South,Electronics,Retail,5,4877.14,637.05,13.06,2025,2025-10
2025-10-01,ORD-10180,CUST-103,West,Furniture,Online,6,1264.28,269.11,21.29,2025,2025-10
2025-10-03,ORD-10556,CUST-071,North,Office Supplies,Retail,8,2366.64,340.74,14.4,2025,2025-10
2025-10-03,ORD-10159,CUST-016,North,Office Supplies,Retail,9,2245.23,233.7,10.41,2025,2025-10
2025-10-04,ORD-10115,CUST-111,West,Electronics,Online,7,1612.59,257.86,15.99,2025,2025-10
2025-10-04,ORD-10420,CUST-014,South,Electronics,Online,4,2845.09,554.91,19.5,2025,2025-10
2025-10-05,ORD-10445,CUST-086,North,Electronics,Online,4,5638.12,665.45,11.8,2025,2025-10
2025-10-08,ORD-10017,CUST-030,West,Furniture,Retail,8,3433.73,849.82,24.75,2025,2025-10
2025-10-09,ORD-10549,CUST-083,South,Furniture,Online,3,5059.11,744.97,14.73,2025,2025-10
2025-10-09,ORD-10344,CUST-057,South,Electronics,Retail,6,3724.82,503.94,13.53,2025,2025-10
2025-10-11,ORD-10366,CUST-071,South,Furniture,Online,1,3186.86,586.26,18.4,2025,2025-10
2025-10-12,ORD-10296,CUST-074,West,Office Supplies,Online,2,1651.44,494.66,29.95,2025,2025-10
2025-10-12,ORD-10449,CUST-081,West,Home & Kitchen,Online,9,3312.29,536.31,16.19,2025,2025-10
2025-10-13,ORD-10578,CUST-023,South,Furniture,Retail,3,3564.11,1035.68,29.06,2025,2025-10
2025-10-15,ORD-10011,CUST-101,East,Office Supplies,Online,2,2729.51,782.49,28.67,2025,2025-10
2025-10-17,ORD-10488,CUST-119,West,Furniture,Retail,8,4992.8,626.98,12.56,2025,2025-10
2025-10-17,ORD-10507,CUST-030,North,Electronics,Online,4,1488.23,347.08,23.32,2025,2025-10
2025-10-19,ORD-10351,CUST-012,East,Electronics,Retail,2,5938.25,946.95,15.95,2025,2025-10
2025-10-20,ORD-10561,CUST-070,North,Furniture,Retail,6,1602.65,310.9,19.4,2025,2025-10
2025-10-22,ORD-10539,CUST-090,North,Office Supplies,Retail,4,1397.24,361.89,25.9,2025,2025-10
2025-10-24,ORD-10305,CUST-056,West,Home & Kitchen,Retail,1,1083.3,311.03,28.71,2025,2025-10
2025-10-24,ORD-10289,CUST-002,North,Home & Kitchen,Retail,2,1301.77,333.09,25.59,2025,2025-10
2025-10-25,ORD-10029,CUST-061,East,Home & Kitchen,Wholesale,9,1973.16,397.19,20.13,2025,2025-10
2025-10-25,ORD-10295,CUST-090,West,Furniture,Wholesale,4,3692.21,402.01,10.89,2025,2025-10
2025-10-26,ORD-10331,CUST-065,South,Furniture,Online,3,4672.39,566.66,12.13,2025,2025-10
2025-10-26,ORD-10057,CUST-092,West,Office Supplies,Online,8,2508.52,532.11,21.21,2025,2025-10
2025-10-26,ORD-10229,CUST-104,West,Office Supplies,Online,7,1418.8,379.56,26.75,2025,2025-10
2025-10-30,ORD-10132,CUST-051,North,Furniture,Retail,7,3209.25,678.82,21.15,2025,2025-10
2025-10-30,ORD-10330,CUST-070,West,Electronics,Online,6,3375.06,465.6,13.8,2025,2025-10
2025-10-30,ORD-10308,CUST-021,North,Furniture,Wholesale,9,1738.44,259.54,14.93,2025,2025-10
2025-10-30,ORD-10034,CUST-046,South,Office Supplies,Online,3,1351.64,200.77,14.85,2025,2025-10
2025-10-31,ORD-10456,CUST-120,East,Furniture,Online,4,2693.16,454.51,16.88,2025,2025-10
2025-10-31,ORD-10113,CUST-088,West,Office Supplies,Wholesale,1,2127.97,430.35,20.22,2025,2025-10
2025-11-01,ORD-10158,CUST-046,West,Furniture,Online,4,3124.86,876.4,28.05,2025,2025-11
2025-11-02,ORD-10134,CUST-093,South,Home & Kitchen,Retail,8,3220.06,481.66,14.96,2025,2025-11
2025-11-05,ORD-10131,CUST-088,South,Office Supplies,Retail,1,1109.42,235.76,21.25,2025,2025-11
2025-11-05,ORD-10079,CUST-063,North,Home & Kitchen,Online,7,1588.06,303.3,19.1,2025,2025-11
2025-11-05,ORD-10126,CUST-015,North,Home & Kitchen,Online,1,2968.53,610.72,20.57,2025,2025-11
2025-11-06,ORD-10437,CUST-109,South,Furniture,Online,6,4902.01,740.22,15.1,2025,2025-11
2025-11-07,ORD-10116,CUST-096,North,Office Supplies,Online,1,1836.74,268.93,14.64,2025,2025-11
2025-11-08,ORD-10570,CUST-111,North,Home & Kitchen,Online,3,1243.72,240.55,19.34,2025,2025-11
2025-11-09,ORD-10288,CUST-024,North,Furniture,Online,3,3631.19,714.77,19.68,2025,2025-11
2025-11-10,ORD-10129,CUST-059,South,Electronics,Online,2,5565.08,1585.26,28.49,2025,2025-11
2025-11-12,ORD-10535,CUST-074,West,Home & Kitchen,Online,6,1313.05,207.54,15.81,2025,2025-11
2025-11-13,ORD-10228,CUST-108,South,Electronics,Online,1,4434.26,579.58,13.07,2025,2025-11
2025-11-13,ORD-10597,CUST-086,North,Office Supplies,Online,9,2263.6,367.18,16.22,2025,2025-11
2025-11-14,ORD-10424,CUST-102,East,Electronics,Online,8,3759.06,700.21,18.63,2025,2025-11
2025-11-14,ORD-10266,CUST-084,West,Office Supplies,Wholesale,7,1802.75,473.11,26.24,2025,2025-11
2025-11-15,ORD-10242,CUST-079,West,Electronics,Retail,2,2591.31,541.12,20.88,2025,2025-11
2025-11-17,ORD-10260,CUST-097,East,Furniture,Online,6,5208.57,1056.63,20.29,2025,2025-11
2025-11-19,ORD-10270,CUST-005,North,Electronics,Online,9,2393.92,386.27,16.14,2025,2025-11
2025-11-19,ORD-10548,CUST-093,West,Office Supplies,Retail,5,2362.12,569.48,24.11,2025,2025-11
2025-11-21,ORD-10520,CUST-060,West,Home & Kitchen,Wholesale,3,1792.13,480.63,26.82,2025,2025-11
2025-11-22,ORD-10455,CUST-010,South,Home & Kitchen,Wholesale,4,1376.08,265.47,19.29,2025,2025-11
2025-11-22,ORD-10468,CUST-077,East,Electronics,Online,6,2420.34,405.16,16.74,2025,2025-11
2025-11-23,ORD-10531,CUST-049,West,Home & Kitchen,Retail,6,2105.33,410.92,19.52,2025,2025-11
2025-11-24,ORD-10394,CUST-052,North,Furniture,Online,1,5426.99,1131.58,20.85,2025,2025-11
2025-11-26,ORD-10137,CUST-088,North,Electronics,Online,9,4745.13,786.54,16.58,2025,2025-11
2025-11-26,ORD-10494,CUST-048,South,Office Supplies,Online,7,2141.83,279.95,13.07,2025,2025-11
2025-11-27,ORD-10490,CUST-017,South,Furniture,Online,3,2505.54,600.4,23.96,2025,2025-11
2025-11-28,ORD-10193,CUST-087,South,Electronics,Online,9,4583.01,1242.88,27.12,2025,2025-11
2025-12-01,ORD-10269,CUST-054,North,Office Supplies,Online,1,1869.51,499.98,26.74,2025,2025-12
2025-12-02,ORD-10323,CUST-054,East,Home & Kitchen,Online,6,2205.82,419.51,19.02,2025,2025-12
2025-12-06,ORD-10343,CUST-110,North,Furniture,Retail,6,4563.61,1200.99,26.32,2025,2025-12
2025-12-09,ORD-10240,CUST-110,East,Home & Kitchen,Retail,2,872.22,140.18,16.07,2025,2025-12
2025-12-09,ORD-10599,CUST-097,South,Office Supplies,Online,9,1665.12,210.97,12.67,2025,2025-12
2025-12-10,ORD-10245,CUST-001,North,Electronics,Wholesale,8,2899.35,481.31,16.6,2025,2025-12
2025-12-10,ORD-10085,CUST-021,East,Home & Kitchen,Online,1,1463.9,205.73,14.05,2025,2025-12
2025-12-11,ORD-10040,CUST-114,West,Electronics,Retail,9,4369.49,892.05,20.42,2025,2025-12
2025-12-11,ORD-10192,CUST-055,South,Home & Kitchen,Retail,5,3666.08,368.42,10.05,2025,2025-12
2025-12-13,ORD-10475,CUST-057,West,Office Supplies,Wholesale,6,2094.5,541.4,25.85,2025,2025-12
2025-12-13,ORD-10458,CUST-093,North,Home & Kitchen,Retail,3,1003.91,156.24,15.56,2025,2025-12
2025-12-13,ORD-10130,CUST-079,East,Electronics,Online,2,5181.22,1369.51,26.43,2025,2025-12
2025-12-13,ORD-10341,CUST-083,South,Home & Kitchen,Wholesale,4,1933.59,300.31,15.53,2025,2025-12
2025-12-14,ORD-10099,CUST-007,East,Office Supplies,Online,7,2097.69,500.07,23.84,2025,2025-12
2025-12-17,ORD-10569,CUST-120,West,Electronics,Online,6,6265.77,1403.67,22.4,2025,2025-12
2025-12-17,ORD-10600,CUST-075,West,Office Supplies,Retail,8,687.19,95.15,13.85,2025,2025-12
2025-12-18,ORD-10026,CUST-028,South,Home & Kitchen,Online,4,2973.55,801.0,26.94,2025,2025-12
2025-12-21,ORD-10244,CUST-005,South,Electronics,Wholesale,6,2319.97,336.51,14.5,2025,2025-12
2025-12-22,ORD-10502,CUST-057,South,Home & Kitchen,Retail,9,3497.49,494.29,14.13,2025,2025-12
2025-12-24,ORD-10003,CUST-089,West,Home & Kitchen,Online,2,1957.05,295.88,15.12,2025,2025-12
2025-12-24,ORD-10123,CUST-102,North,Electronics,Online,5,1742.43,403.9,23.18,2025,2025-12
2025-12-27,ORD-10316,CUST-056,West,Electronics,Wholesale,3,5043.08,1204.82,23.89,2025,2025-12
2025-12-27,ORD-10255,CUST-035,North,Furniture,Online,1,3497.24,554.29,15.85,2025,2025-12
2025-12-28,ORD-10372,CUST-051,North,Office Supplies,Online,5,2712.27,602.57,22.22,2025,2025-12
2025-12-28,ORD-10156,CUST-053,North,Electronics,Wholesale,2,6205.31,1591.39,25.65,2025,2025-12
2025-12-28,ORD-10446,CUST-019,South,Furniture,Online,3,4022.62,979.12,24.34,2025,2025-12
2025-12-29,ORD-10479,CUST-051,East,Home & Kitchen,Wholesale,4,852.57,214.51,25.16,2025,2025-12
2025-12-29,ORD-10237,CUST-098,West,Electronics,Wholesale,9,3090.78,450.2,14.57,2025,2025-12
2025-12-29,ORD-10162,CUST-067,North,Furniture,Online,5,3529.22,910.23,25.79,2025,2025-12
2025-12-30,ORD-10108,CUST-069,West,Office Supplies,Online,8,2209.02,332.11,15.03,2025,2025-12
2025-12-30,ORD-10311,CUST-093,West,Electronics,Online,5,2946.4,681.24,23.12,2025,2025-12
2025-12-31,ORD-10122,CUST-112,South,Furniture,Online,8,4193.91,706.48,16.85,2025,2025-12
2026-01-01,ORD-10080,CUST-113,South,Office Supplies,Retail,7,922.08,268.19,29.09,2026,2026-01
2026-01-02,ORD-10283,CUST-054,West,Office Supplies,Retail,1,844.94,152.38,18.03,2026,2026-01
2026-01-03,ORD-10312,CUST-023,West,Electronics,Online,7,5952.08,985.08,16.55,2026,2026-01
2026-01-06,ORD-10257,CUST-030,West,Electronics,Wholesale,9,2261.41,451.5,19.97,2026,2026-01
2026-01-06,ORD-10049,CUST-116,East,Home & Kitchen,Online,2,2271.43,578.69,25.48,2026,2026-01
2026-01-06,ORD-10416,CUST-101,North,Electronics,Online,3,4657.53,1241.11,26.65,2026,2026-01
2026-01-07,ORD-10550,CUST-103,West,Furniture,Online,6,3301.52,517.22,15.67,2026,2026-01
2026-01-08,ORD-10098,CUST-071,East,Electronics,Online,6,3250.58,396.68,12.2,2026,2026-01
2026-01-08,ORD-10060,CUST-035,South,Home & Kitchen,Online,7,2352.27,549.0,23.34,2026,2026-01
2026-01-09,ORD-10191,CUST-012,North,Home & Kitchen,Online,6,1262.05,274.69,21.77,2026,2026-01
2026-01-10,ORD-10075,CUST-075,East,Electronics,Wholesale,2,5270.62,1061.76,20.14,2026,2026-01
2026-01-12,ORD-10587,CUST-018,South,Furniture,Wholesale,3,3975.02,1182.09,29.74,2026,2026-01
2026-01-15,ORD-10422,CUST-009,West,Furniture,Online,8,2695.87,547.23,20.3,2026,2026-01
2026-01-16,ORD-10175,CUST-102,North,Home & Kitchen,Online,8,1181.24,248.69,21.05,2026,2026-01
2026-01-16,ORD-10184,CUST-015,East,Home & Kitchen,Online,4,1787.74,380.07,21.26,2026,2026-01
2026-01-16,ORD-10008,CUST-062,North,Furniture,Online,9,2253.38,236.83,10.51,2026,2026-01
2026-01-18,ORD-10043,CUST-103,North,Furniture,Online,1,2015.9,265.13,13.15,2026,2026-01
2026-01-18,ORD-10086,CUST-097,South,Home & Kitchen,Online,2,2832.63,671.47,23.7,2026,2026-01
2026-01-18,ORD-10204,CUST-111,East,Furniture,Retail,7,5567.34,1274.78,22.9,2026,2026-01
2026-01-20,ORD-10223,CUST-017,South,Furniture,Online,7,1955.72,238.46,12.19,2026,2026-01
2026-01-21,ORD-10110,CUST-056,South,Home & Kitchen,Wholesale,6,1317.37,158.3,12.02,2026,2026-01
2026-01-23,ORD-10541,CUST-106,South,Electronics,Online,3,5997.18,1418.4,23.65,2026,2026-01
2026-01-26,ORD-10430,CUST-041,South,Furniture,Retail,3,5337.85,1341.85,25.14,2026,2026-01
2026-01-27,ORD-10177,CUST-051,East,Office Supplies,Online,6,1223.07,324.53,26.53,2026,2026-01
2026-01-27,ORD-10015,CUST-083,South,Electronics,Retail,7,5807.24,919.74,15.84,2026,2026-01
2026-01-27,ORD-10212,CUST-106,North,Home & Kitchen,Online,1,1269.65,306.56,24.15,2026,2026-01
2026-01-28,ORD-10236,CUST-094,East,Home & Kitchen,Retail,3,2198.76,569.62,25.91,2026,2026-01
2026-01-29,ORD-10395,CUST-064,West,Home & Kitchen,Retail,4,2180.64,546.01,25.04,2026,2026-01
2026-01-30,ORD-10225,CUST-075,West,Furniture,Online,8,1519.16,305.64,20.12,2026,2026-01
2026-01-30,ORD-10174,CUST-087,West,Home & Kitchen,Online,7,1558.7,283.53,18.19,2026,2026-01
2026-01-30,ORD-10461,CUST-093,West,Electronics,Retail,9,6420.44,1910.95,29.76,2026,2026-01
2026-02-01,ORD-10318,CUST-095,North,Home & Kitchen,Online,5,1103.69,145.63,13.19,2026,2026-02
2026-02-03,ORD-10317,CUST-066,North,Electronics,Online,3,6248.66,1081.65,17.31,2026,2026-02
2026-02-06,ORD-10557,CUST-015,North,Electronics,Online,7,1981.23,516.82,26.09,2026,2026-02
2026-02-06,ORD-10013,CUST-095,West,Office Supplies,Retail,5,1169.29,244.63,20.92,2026,2026-02
2026-02-07,ORD-10377,CUST-012,South,Office Supplies,Online,2,1358.98,223.43,16.44,2026,2026-02
2026-02-07,ORD-10215,CUST-094,North,Electronics,Online,6,3769.49,1069.71,28.38,2026,2026-02
2026-02-08,ORD-10432,CUST-021,West,Home & Kitchen,Retail,5,3435.18,966.59,28.14,2026,2026-02
2026-02-08,ORD-10471,CUST-081,West,Furniture,Retail,2,5522.07,1590.21,28.8,2026,2026-02
2026-02-10,ORD-10059,CUST-009,East,Office Supplies,Online,3,2086.17,491.48,23.56,2026,2026-02
2026-02-11,ORD-10062,CUST-089,West,Furniture,Wholesale,8,5230.55,885.23,16.92,2026,2026-02
2026-02-12,ORD-10512,CUST-028,South,Furniture,Online,9,4289.49,546.96,12.75,2026,2026-02
2026-02-12,ORD-10378,CUST-069,South,Home & Kitchen,Retail,5,2599.56,557.09,21.43,2026,2026-02
2026-02-12,ORD-10391,CUST-042,East,Electronics,Online,7,5879.11,633.66,10.78,2026,2026-02
2026-02-13,ORD-10360,CUST-050,East,Home & Kitchen,Online,9,1617.31,180.26,11.15,2026,2026-02
2026-02-13,ORD-10463,CUST-018,South,Office Supplies,Online,6,937.95,110.38,11.77,2026,2026-02
2026-02-16,ORD-10493,CUST-102,South,Electronics,Retail,4,4259.29,445.77,10.47,2026,2026-02
2026-02-18,ORD-10042,CUST-110,West,Furniture,Retail,2,4907.85,1297.41,26.44,2026,2026-02
2026-02-18,ORD-10247,CUST-019,South,Home & Kitchen,Online,7,1774.29,347.79,19.6,2026,2026-02
2026-02-19,ORD-10234,CUST-018,East,Electronics,Online,2,5914.81,785.93,13.29,2026,2026-02
2026-02-19,ORD-10051,CUST-059,South,Electronics,Online,9,2605.5,277.68,10.66,2026,2026-02
2026-02-20,ORD-10014,CUST-047,West,Furniture,Online,6,1862.64,415.98,22.33,2026,2026-02
2026-02-22,ORD-10128,CUST-011,North,Office Supplies,Retail,6,1105.19,304.69,27.57,2026,2026-02
2026-02-22,ORD-10489,CUST-079,South,Office Supplies,Online,3,939.53,159.53,16.98,2026,2026-02
2026-02-22,ORD-10207,CUST-066,East,Home & Kitchen,Online,5,3627.57,723.02,19.93,2026,2026-02
2026-02-23,ORD-10423,CUST-105,West,Home & Kitchen,Online,9,1794.0,484.75,27.02,2026,2026-02
2026-02-24,ORD-10089,CUST-054,West,Furniture,Wholesale,4,5299.02,995.44,18.79,2026,2026-02
2026-02-24,ORD-10320,CUST-077,East,Electronics,Online,1,2652.75,776.88,29.29,2026,2026-02
2026-02-26,ORD-10370,CUST-005,North,Furniture,Online,1,3197.34,687.95,21.52,2026,2026-02
2026-02-26,ORD-10173,CUST-001,East,Furniture,Retail,8,1347.53,283.61,21.05,2026,2026-02
2026-02-27,ORD-10002,CUST-094,West,Office Supplies,Retail,6,1780.72,291.74,16.38,2026,2026-02
2026-03-01,ORD-10402,CUST-089,South,Electronics,Wholesale,4,2454.91,365.32,14.88,2026,2026-03
2026-03-01,ORD-10050,CUST-102,North,Home & Kitchen,Retail,9,934.86,166.91,17.85,2026,2026-03
2026-03-02,ORD-10598,CUST-118,East,Electronics,Online,4,3974.78,715.51,18.0,2026,2026-03
2026-03-02,ORD-10210,CUST-120,West,Office Supplies,Retail,3,1856.47,288.89,15.56,2026,2026-03
2026-03-03,ORD-10107,CUST-001,West,Office Supplies,Online,3,1340.16,272.29,20.32,2026,2026-03
2026-03-03,ORD-10112,CUST-063,East,Home & Kitchen,Online,5,3354.93,425.39,12.68,2026,2026-03
2026-03-03,ORD-10025,CUST-073,West,Electronics,Retail,5,2316.41,511.61,22.09,2026,2026-03
2026-03-04,ORD-10278,CUST-090,South,Home & Kitchen,Online,1,2884.8,436.57,15.13,2026,2026-03
2026-03-05,ORD-10160,CUST-088,South,Electronics,Retail,9,3777.8,976.07,25.84,2026,2026-03
2026-03-05,ORD-10476,CUST-020,South,Home & Kitchen,Online,2,955.72,189.48,19.83,2026,2026-03
2026-03-06,ORD-10016,CUST-077,West,Office Supplies,Online,3,1119.02,126.22,11.28,2026,2026-03
2026-03-06,ORD-10106,CUST-068,East,Home & Kitchen,Online,6,1544.92,405.54,26.25,2026,2026-03
2026-03-06,ORD-10249,CUST-099,North,Office Supplies,Online,3,2698.62,331.63,12.29,2026,2026-03
2026-03-07,ORD-10213,CUST-083,West,Home & Kitchen,Online,6,2376.16,707.12,29.76,2026,2026-03
2026-03-09,ORD-10559,CUST-047,South,Home & Kitchen,Wholesale,1,2468.11,595.43,24.12,2026,2026-03
2026-03-10,ORD-10261,CUST-117,West,Office Supplies,Wholesale,5,2352.09,569.71,24.22,2026,2026-03
2026-03-11,ORD-10071,CUST-115,North,Home & Kitchen,Online,2,1305.93,363.76,27.85,2026,2026-03
2026-03-11,ORD-10135,CUST-025,North,Home & Kitchen,Retail,4,2809.47,323.62,11.52,2026,2026-03
2026-03-12,ORD-10105,CUST-016,South,Home & Kitchen,Retail,2,1182.79,325.97,27.56,2026,2026-03
2026-03-12,ORD-10484,CUST-067,West,Electronics,Retail,7,2345.84,340.7,14.52,2026,2026-03
2026-03-14,ORD-10596,CUST-077,North,Electronics,Wholesale,1,6340.14,1420.29,22.4,2026,2026-03
2026-03-14,ORD-10591,CUST-050,South,Office Supplies,Retail,2,1391.93,178.85,12.85,2026,2026-03
2026-03-15,ORD-10551,CUST-045,North,Office Supplies,Online,3,2728.14,504.17,18.48,2026,2026-03
2026-03-16,ORD-10472,CUST-026,East,Office Supplies,Retail,4,2081.49,608.32,29.23,2026,2026-03
2026-03-16,ORD-10428,CUST-034,South,Electronics,Online,7,2119.54,317.47,14.98,2026,2026-03
2026-03-16,ORD-10092,CUST-096,West,Office Supplies,Retail,6,792.3,189.94,23.97,2026,2026-03
2026-03-16,ORD-10103,CUST-021,North,Office Supplies,Retail,6,762.42,156.06,20.47,2026,2026-03
2026-03-17,ORD-10291,CUST-012,South,Electronics,Online,8,5455.96,1422.79,26.08,2026,2026-03
2026-03-18,ORD-10336,CUST-113,North,Furniture,Online,1,4310.35,484.32,11.24,2026,2026-03
2026-03-18,ORD-10227,CUST-082,East,Electronics,Retail,3,4917.36,598.53,12.17,2026,2026-03
2026-03-21,ORD-10166,CUST-094,North,Office Supplies,Online,1,897.53,232.1,25.86,2026,2026-03
2026-03-22,ORD-10514,CUST-036,West,Home & Kitchen,Online,4,2539.81,285.27,11.23,2026,2026-03
2026-03-25,ORD-10149,CUST-038,West,Furniture,Online,3,4575.63,757.82,16.56,2026,2026-03
2026-03-26,ORD-10028,CUST-045,North,Furniture,Online,5,1850.39,499.15,26.98,2026,2026-03
2026-03-27,ORD-10433,CUST-088,South,Office Supplies,Online,3,842.36,180.86,21.47,2026,2026-03
2026-03-27,ORD-10524,CUST-030,North,Office Supplies,Online,4,2132.39,226.5,10.62,2026,2026-03
2026-03-28,ORD-10038,CUST-036,West,Furniture,Online,1,3547.98,981.46,27.66,2026,2026-03
2026-03-28,ORD-10302,CUST-006,South,Home & Kitchen,Online,5,2551.0,321.44,12.6,2026,2026-03
2026-03-29,ORD-10482,CUST-119,West,Home & Kitchen,Online,7,1581.11,422.51,26.72,2026,2026-03
2026-03-29,ORD-10553,CUST-052,North,Home & Kitchen,Online,2,1620.25,280.87,17.33,2026,2026-03
2026-03-30,ORD-10334,CUST-078,West,Office Supplies,Wholesale,1,1127.02,206.4,18.31,2026,2026-03
2026-03-30,ORD-10545,CUST-040,South,Office Supplies,Retail,3,878.04,256.23,29.18,2026,2026-03
2026-03-30,ORD-10388,CUST-038,North,Office Supplies,Retail,2,1609.81,467.58,29.05,2026,2026-03
2026-03-31,ORD-10084,CUST-116,South,Office Supplies,Retail,2,1389.05,293.6,21.14,2026,2026-03
2026-03-31,ORD-10101,CUST-063,South,Electronics,Retail,4,6501.07,739.6,11.38,2026,2026-03
2026-03-31,ORD-10090,CUST-094,East,Office Supplies,Online,5,1462.49,224.79,15.37,2026,2026-03
2026-04-01,ORD-10582,CUST-112,North,Office Supplies,Online,9,702.6,198.78,28.29,2026,2026-04
2026-04-03,ORD-10589,CUST-068,North,Home & Kitchen,Retail,5,1099.7,314.28,28.58,2026,2026-04
2026-04-04,ORD-10019,CUST-008,North,Office Supplies,Online,5,656.22,76.85,11.71,2026,2026-04
2026-04-05,ORD-10459,CUST-051,East,Furniture,Online,7,5217.23,1489.88,28.56,2026,2026-04
2026-04-05,ORD-10513,CUST-024,East,Home & Kitchen,Online,2,3117.07,663.36,21.28,2026,2026-04
2026-04-05,ORD-10093,CUST-112,South,Office Supplies,Retail,1,2228.04,656.88,29.48,2026,2026-04
2026-04-06,ORD-10590,CUST-001,East,Electronics,Online,8,3654.2,551.62,15.1,2026,2026-04
2026-04-07,ORD-10361,CUST-019,East,Home & Kitchen,Online,4,2561.6,365.12,14.25,2026,2026-04
2026-04-08,ORD-10477,CUST-086,East,Office Supplies,Retail,3,2502.73,602.89,24.09,2026,2026-04
2026-04-09,ORD-10297,CUST-062,South,Home & Kitchen,Online,6,2726.73,746.83,27.39,2026,2026-04
2026-04-10,ORD-10560,CUST-041,West,Home & Kitchen,Online,4,963.77,112.08,11.63,2026,2026-04
2026-04-11,ORD-10146,CUST-044,South,Office Supplies,Wholesale,7,1899.7,317.88,16.73,2026,2026-04
2026-04-12,ORD-10125,CUST-095,North,Furniture,Online,3,5496.87,719.2,13.08,2026,2026-04
2026-04-13,ORD-10232,CUST-029,East,Office Supplies,Online,8,1078.5,111.41,10.33,2026,2026-04
2026-04-13,ORD-10151,CUST-116,South,Office Supplies,Wholesale,3,1451.31,345.96,23.84,2026,2026-04
2026-04-14,ORD-10006,CUST-065,West,Electronics,Retail,7,3830.76,419.36,10.95,2026,2026-04
2026-04-14,ORD-10037,CUST-029,East,Electronics,Online,2,2384.88,488.74,20.49,2026,2026-04
2026-04-17,ORD-10427,CUST-010,West,Furniture,Retail,3,3600.31,1052.65,29.24,2026,2026-04
2026-04-19,ORD-10492,CUST-054,East,Home & Kitchen,Retail,8,917.34,151.32,16.5,2026,2026-04
2026-04-19,ORD-10504,CUST-019,West,Office Supplies,Online,4,2032.69,275.72,13.56,2026,2026-04
2026-04-23,ORD-10396,CUST-076,South,Office Supplies,Retail,4,732.54,135.31,18.47,2026,2026-04
2026-04-23,ORD-10558,CUST-103,North,Home & Kitchen,Online,7,1729.2,324.24,18.75,2026,2026-04
2026-04-27,ORD-10517,CUST-120,North,Furniture,Online,5,2792.74,518.23,18.56,2026,2026-04
2026-04-29,ORD-10375,CUST-018,South,Electronics,Online,2,5850.22,1510.14,25.81,2026,2026-04
2026-04-30,ORD-10035,CUST-022,North,Electronics,Online,9,2841.11,492.47,17.33,2026,2026-04
2026-05-01,ORD-10565,CUST-063,North,Electronics,Retail,3,3177.03,920.86,28.98,2026,2026-05
2026-05-02,ORD-10389,CUST-030,South,Electronics,Online,8,4225.94,942.5,22.3,2026,2026-05
2026-05-02,ORD-10358,CUST-077,East,Furniture,Online,2,1915.19,351.27,18.34,2026,2026-05
2026-05-02,ORD-10362,CUST-050,South,Office Supplies,Online,1,1584.51,446.31,28.17,2026,2026-05
2026-05-03,ORD-10048,CUST-065,East,Electronics,Retail,1,2410.78,525.37,21.79,2026,2026-05
2026-05-03,ORD-10364,CUST-027,North,Home & Kitchen,Online,8,3382.49,797.9,23.59,2026,2026-05
2026-05-03,ORD-10579,CUST-032,North,Furniture,Online,5,2658.93,276.52,10.4,2026,2026-05
2026-05-05,ORD-10304,CUST-107,South,Furniture,Wholesale,5,4481.32,645.35,14.4,2026,2026-05
2026-05-06,ORD-10095,CUST-011,West,Furniture,Online,5,4917.3,1219.93,24.81,2026,2026-05
2026-05-07,ORD-10179,CUST-033,West,Office Supplies,Retail,9,1772.73,507.75,28.64,2026,2026-05
2026-05-08,ORD-10592,CUST-034,South,Furniture,Retail,2,4372.38,1017.29,23.27,2026,2026-05
2026-05-08,ORD-10220,CUST-120,South,Home & Kitchen,Online,6,2881.52,729.24,25.31,2026,2026-05
2026-05-10,ORD-10067,CUST-061,West,Electronics,Wholesale,5,3714.14,886.97,23.88,2026,2026-05
2026-05-10,ORD-10345,CUST-016,South,Furniture,Online,6,4497.9,496.39,11.04,2026,2026-05
2026-05-12,ORD-10202,CUST-037,South,Electronics,Online,1,6163.47,1319.61,21.41,2026,2026-05
2026-05-15,ORD-10529,CUST-067,East,Electronics,Retail,2,4736.39,1359.92,28.71,2026,2026-05
2026-05-16,ORD-10324,CUST-018,East,Office Supplies,Online,7,1862.78,497.55,26.71,2026,2026-05
2026-05-17,ORD-10153,CUST-011,South,Electronics,Retail,8,5577.83,558.89,10.02,2026,2026-05
2026-05-18,ORD-10530,CUST-078,West,Furniture,Online,5,3348.77,753.05,22.49,2026,2026-05
2026-05-19,ORD-10061,CUST-022,South,Electronics,Retail,1,4760.05,778.81,16.36,2026,2026-05
2026-05-20,ORD-10527,CUST-103,South,Furniture,Online,6,4185.4,645.17,15.41,2026,2026-05
2026-05-20,ORD-10586,CUST-037,West,Home & Kitchen,Retail,8,2679.55,289.03,10.79,2026,2026-05
2026-05-20,ORD-10452,CUST-044,North,Electronics,Retail,4,4486.58,907.66,20.23,2026,2026-05
2026-05-21,ORD-10577,CUST-038,South,Office Supplies,Wholesale,2,1674.29,168.08,10.04,2026,2026-05
2026-05-21,ORD-10264,CUST-093,East,Furniture,Online,6,3818.21,522.67,13.69,2026,2026-05
2026-05-21,ORD-10499,CUST-005,West,Home & Kitchen,Online,2,1284.39,235.12,18.31,2026,2026-05
2026-05-22,ORD-10024,CUST-051,South,Office Supplies,Retail,9,1516.34,394.66,26.03,2026,2026-05
2026-05-22,ORD-10421,CUST-007,West,Electronics,Online,3,2287.39,520.74,22.77,2026,2026-05
2026-05-22,ORD-10438,CUST-002,South,Home & Kitchen,Online,8,1003.63,245.84,24.5,2026,2026-05
2026-05-25,ORD-10470,CUST-002,South,Home & Kitchen,Wholesale,5,2579.91,583.39,22.61,2026,2026-05
2026-05-25,ORD-10491,CUST-061,South,Office Supplies,Wholesale,8,1051.26,151.71,14.43,2026,2026-05
2026-05-26,ORD-10409,CUST-089,West,Furniture,Online,5,2066.51,388.11,18.78,2026,2026-05
2026-05-27,ORD-10348,CUST-017,West,Office Supplies,Wholesale,8,2017.86,358.91,17.79,2026,2026-05
2026-05-27,ORD-10382,CUST-085,West,Furniture,Wholesale,7,1752.08,235.13,13.42,2026,2026-05
2026-05-28,ORD-10319,CUST-031,South,Electronics,Online,8,3113.86,511.04,16.41,2026,2026-05
2026-05-28,ORD-10181,CUST-106,South,Furniture,Wholesale,9,1959.28,369.19,18.84,2026,2026-05
2026-05-28,ORD-10286,CUST-089,South,Electronics,Online,4,2686.12,698.77,26.01,2026,2026-05
2026-05-29,ORD-10081,CUST-087,North,Furniture,Online,4,1765.21,277.75,15.73,2026,2026-05
2026-06-02,ORD-10383,CUST-066,West,Furniture,Retail,6,4108.24,760.61,18.51,2026,2026-06
2026-06-03,ORD-10571,CUST-076,South,Office Supplies,Online,8,2702.91,470.65,17.41,2026,2026-06
2026-06-05,ORD-10340,CUST-062,North,Furniture,Retail,9,4005.54,828.65,20.69,2026,2026-06
2026-06-05,ORD-10293,CUST-063,South,Office Supplies,Retail,1,1298.61,339.19,26.12,2026,2026-06
2026-06-06,ORD-10448,CUST-073,West,Office Supplies,Retail,9,2167.31,596.61,27.53,2026,2026-06
2026-06-08,ORD-10195,CUST-052,North,Home & Kitchen,Online,6,3681.69,463.26,12.58,2026,2026-06
2026-06-08,ORD-10515,CUST-024,West,Furniture,Online,4,1892.6,352.36,18.62,2026,2026-06
2026-06-08,ORD-10274,CUST-015,South,Furniture,Wholesale,8,5280.17,998.73,18.91,2026,2026-06
2026-06-09,ORD-10451,CUST-061,East,Electronics,Online,2,1474.16,172.43,11.7,2026,2026-06
2026-06-10,ORD-10503,CUST-111,West,Furniture,Online,2,5220.06,848.14,16.25,2026,2026-06
2026-06-10,ORD-10200,CUST-054,West,Furniture,Online,5,3074.76,832.77,27.08,2026,2026-06
2026-06-10,ORD-10337,CUST-019,West,Office Supplies,Online,5,1964.42,519.44,26.44,2026,2026-06
2026-06-12,ORD-10466,CUST-047,West,Home & Kitchen,Online,8,2829.06,729.91,25.8,2026,2026-06
2026-06-13,ORD-10064,CUST-025,North,Home & Kitchen,Online,7,1749.4,383.62,21.93,2026,2026-06
2026-06-14,ORD-10417,CUST-047,East,Electronics,Online,8,2273.85,559.49,24.61,2026,2026-06
2026-06-14,ORD-10355,CUST-095,West,Electronics,Retail,8,4567.62,746.95,16.35,2026,2026-06
2026-06-14,ORD-10208,CUST-014,North,Electronics,Online,8,1760.31,461.18,26.2,2026,2026-06
2026-06-15,ORD-10404,CUST-107,North,Home & Kitchen,Online,7,3031.22,717.98,23.69,2026,2026-06
2026-06-15,ORD-10046,CUST-040,West,Electronics,Retail,7,5415.12,1269.18,23.44,2026,2026-06
2026-06-16,ORD-10441,CUST-085,North,Office Supplies,Online,4,1285.21,182.81,14.22,2026,2026-06
2026-06-17,ORD-10325,CUST-030,North,Office Supplies,Online,2,1308.57,305.8,23.37,2026,2026-06
2026-06-17,ORD-10012,CUST-056,East,Home & Kitchen,Online,3,1552.1,446.04,28.74,2026,2026-06
2026-06-19,ORD-10594,CUST-085,West,Office Supplies,Online,8,1691.78,346.2,20.46,2026,2026-06
2026-06-21,ORD-10141,CUST-099,North,Electronics,Online,7,5436.18,830.68,15.28,2026,2026-06
2026-06-22,ORD-10555,CUST-037,East,Furniture,Online,8,1421.18,313.76,22.08,2026,2026-06
2026-06-25,ORD-10265,CUST-102,North,Office Supplies,Online,5,1185.45,349.32,29.47,2026,2026-06
2026-06-26,ORD-10347,CUST-117,West,Electronics,Online,5,3793.34,644.9,17.0,2026,2026-06
2026-06-26,ORD-10145,CUST-096,South,Home & Kitchen,Retail,1,1443.15,398.01,27.58,2026,2026-06
2026-06-26,ORD-10356,CUST-074,West,Office Supplies,Wholesale,8,1700.36,198.24,11.66,2026,2026-06
2026-06-28,ORD-10161,CUST-022,West,Office Supplies,Retail,4,1525.16,290.13,19.02,2026,2026-06
2026-06-28,ORD-10511,CUST-076,North,Office Supplies,Wholesale,9,1389.68,296.77,21.36,2026,2026-06
2026-06-29,ORD-10401,CUST-097,North,Home & Kitchen,Online,4,3585.23,991.92,27.67,2026,2026-06
